Workbook

Sheet Inputs
A1: LoanSeva WhatsApp banking: cost model inputs
A2: Yellow = volumes (example values, replace with Kotak's). Blue = prices (blank: fill in from the Salesforce quote and the Gupshup contract). All amounts in INR.
A4: Volumes (loan journey only) | B4: Value | C4: Unit | D4: Notes
A5: Contract term | B5: 12 | C5: months | D5: Used to annualise monthly costs
A6: RMs using the LOS and RM callback queue | B6: 50 | C6: users | D6: Need a Service Cloud / Financial Services Cloud seat in every option
A7: Of those, RMs who take live WhatsApp chats | B7: 20 | C7: users | D7: Need the messaging add-on (1a, 2) or a Gupshup inbox seat (1b)
A8: WhatsApp loan conversations per month | B8: 20000 | C8: chats | D8: Every conversation the Agentforce agent handles
A9: Agent actions per conversation | B9: 12 | C9: actions | D9: LoanSeva calls one action per customer reply; a Top-Up is roughly 10-15 replies
A10: Paid marketing templates per month | B10: 30000 | C10: messages | D10: Top-Up campaign invites (business-initiated)
A11: Paid utility templates per month | B11: 8000 | C11: messages | D11: Nudges / updates sent outside the 24-hour customer window
A12: Paid authentication templates per month | B12: 0 | C12: messages | D12: OTP over WhatsApp, if used (PoC uses a demo OTP)
A14: Salesforce prices | B14: Value | C14: Unit | D14: Notes
A15: Service Cloud / FSC licence | C15: per user / month | D15: Edition per the quote (e.g. FSC Enterprise / Unlimited)
A16: Messaging add-on (Digital Engagement) | C16: per user / month | D16: Options 1a and 2 only; confirm SKU and whether BYOC is included
A17: BYOC usage charge, if any | C17: per conversation | D17: Option 1a only; confirm whether BYOC is metered
A18: Agentforce price per action | C18: per action | D18: Flex Credits rate per the quote; use per-conversation pricing by setting actions = 1
A19: Salesforce messaging charge (excl. Meta fee) | C19: per paid message | D19: Option 2 only; Salesforce message pack price minus the Meta pass-through
A20: MuleSoft | C20: per year | D20: Core banking, bureau, KYC, Perfios, e-sign APIs
A21: Data Cloud | C21: per year | D21: Phase 3; set 0 to exclude
A22: Shield (encryption, event monitoring) | C22: per year | D22: Usually required by banks
A23: Experience Cloud (registration page) | C23: per year | D23: Small; set 0 if covered elsewhere
A25: Meta WhatsApp fees (same in every option) | B25: Value | C25: Unit | D25: Notes
A26: Meta fee: marketing template | C26: per message | D26: Meta India rate card
A27: Meta fee: utility template | C27: per message | D27: Free inside the 24-hour customer window
A28: Meta fee: authentication template | C28: per message | D28: Meta India rate card
A30: Gupshup prices (loan traffic only) | B30: Value | C30: Unit | D30: Notes
A31: Gupshup markup on top of the Meta fee | C31: per paid message | D31: Options 1a and 1b; option 2 loan traffic bypasses Gupshup
A32: Gupshup platform fee for the loan journey | C32: per month | D32: Incremental fee for loans traffic; the main number's existing fees are the same in all options and left out
A33: Gupshup hand-over to Salesforce | C33: per month | D33: Option 1a: forwarding loan conversations via BYOC
A34: Gupshup agent-inbox seat | C34: per user / month | D34: Option 1b: RMs take live chats in Gupshup, not Salesforce
A36: One-off costs | B36: Value | C36: Unit | D36: Notes
A37: Option 1a: Gupshup hand-over / hand-back build | C37: one-off | D37: Loan-intent routing to BYOC and back
A38: Option 1b: Gupshup Agent API integration build | C38: one-off | D38: Gupshup calls the Agentforce Agent API
A39: Option 2: second number setup | C39: one-off | D39: Number, display-name verification, template approvals, launch comms
A40: Salesforce implementation (all options) | C40: one-off | D40: Agent, journeys, LOS, integrations; same in every option

Sheet Comparison
A1: Annual cost by option (loan journey)
A2: Calculated from the Inputs sheet. Shows 0 until prices are filled in.
A4: Cost line | B4: 1a: Gupshup + BYOC | C4: 1b: Gupshup + Agent API | D4: 2: Salesforce native | E4: Billed by | F4: How it is calculated
A5: Salesforce
A6: RM seats (Service Cloud / FSC) | B6: =Inputs!$B$6*Inputs!$B$15*Inputs!$B$5 | C6: =Inputs!$B$6*Inputs!$B$15*Inputs!$B$5 | D6: =Inputs!$B$6*Inputs!$B$15*Inputs!$B$5 | E6: Salesforce | F6: RMs using the LOS × licence × months
A7: Messaging add-on for live-chat RMs | B7: =Inputs!$B$7*Inputs!$B$16*Inputs!$B$5 | C7: =0 | D7: =Inputs!$B$7*Inputs!$B$16*Inputs!$B$5 | E7: Salesforce | F7: Live-chat RMs × add-on × months (not needed in 1b)
A8: BYOC usage | B8: =Inputs!$B$8*Inputs!$B$17*Inputs!$B$5 | C8: =0 | D8: =0 | E8: Salesforce | F8: Conversations × BYOC charge × months (1a only, if metered)
A9: Agentforce usage | B9: =Inputs!$B$8*Inputs!$B$9*Inputs!$B$18*Inputs!$B$5 | C9: =Inputs!$B$8*Inputs!$B$9*Inputs!$B$18*Inputs!$B$5 | D9: =Inputs!$B$8*Inputs!$B$9*Inputs!$B$18*Inputs!$B$5 | E9: Salesforce | F9: Conversations × actions × price per action × months
A10: Salesforce messaging charge (loan number) | B10: =0 | C10: =0 | D10: =(Inputs!$B$10+Inputs!$B$11+Inputs!$B$12)*Inputs!$B$19*Inputs!$B$5 | E10: Salesforce | F10: Paid messages × Salesforce charge × months (option 2 only)
A11: MuleSoft | B11: =Inputs!$B$20*Inputs!$B$5/12 | C11: =Inputs!$B$20*Inputs!$B$5/12 | D11: =Inputs!$B$20*Inputs!$B$5/12 | E11: Salesforce | F11: Annual price, pro rata to the term
A12: Data Cloud | B12: =Inputs!$B$21*Inputs!$B$5/12 | C12: =Inputs!$B$21*Inputs!$B$5/12 | D12: =Inputs!$B$21*Inputs!$B$5/12 | E12: Salesforce | F12: Annual price, pro rata to the term
A13: Shield | B13: =Inputs!$B$22*Inputs!$B$5/12 | C13: =Inputs!$B$22*Inputs!$B$5/12 | D13: =Inputs!$B$22*Inputs!$B$5/12 | E13: Salesforce | F13: Annual price, pro rata to the term
A14: Experience Cloud | B14: =Inputs!$B$23*Inputs!$B$5/12 | C14: =Inputs!$B$23*Inputs!$B$5/12 | D14: =Inputs!$B$23*Inputs!$B$5/12 | E14: Salesforce | F14: Annual price, pro rata to the term
A15: Gupshup
A16: Gupshup markup on paid messages | B16: =(Inputs!$B$10+Inputs!$B$11+Inputs!$B$12)*Inputs!$B$31*Inputs!$B$5 | C16: =(Inputs!$B$10+Inputs!$B$11+Inputs!$B$12)*Inputs!$B$31*Inputs!$B$5 | D16: =0 | E16: Gupshup | F16: Paid messages × markup × months (loan traffic leaves Gupshup in option 2)
A17: Gupshup platform fee (loan journey) | B17: =Inputs!$B$32*Inputs!$B$5 | C17: =Inputs!$B$32*Inputs!$B$5 | D17: =0 | E17: Gupshup | F17: Monthly fee × months
A18: Gupshup hand-over to Salesforce | B18: =Inputs!$B$33*Inputs!$B$5 | C18: =0 | D18: =0 | E18: Gupshup | F18: Monthly fee × months (1a only)
A19: Gupshup agent-inbox seats | B19: =0 | C19: =Inputs!$B$7*Inputs!$B$34*Inputs!$B$5 | D19: =0 | E19: Gupshup | F19: Live-chat RMs × seat × months (1b only)
A20: Meta
A21: Meta WhatsApp fees | B21: =(Inputs!$B$10*Inputs!$B$26+Inputs!$B$11*Inputs!$B$27+Inputs!$B$12*Inputs!$B$28)*Inputs!$B$5 | C21: =(Inputs!$B$10*Inputs!$B$26+Inputs!$B$11*Inputs!$B$27+Inputs!$B$12*Inputs!$B$28)*Inputs!$B$5 | D21: =(Inputs!$B$10*Inputs!$B$26+Inputs!$B$11*Inputs!$B$27+Inputs!$B$12*Inputs!$B$28)*Inputs!$B$5 | E21: Meta via provider | F21: Same in every option; passed through by Gupshup (1a, 1b) or Salesforce (2)
A23: Salesforce recurring | B23: =B6+B7+B8+B9+B10+B11+B12+B13+B14 | C23: =C6+C7+C8+C9+C10+C11+C12+C13+C14 | D23: =D6+D7+D8+D9+D10+D11+D12+D13+D14
A24: Gupshup recurring | B24: =B16+B17+B18+B19 | C24: =C16+C17+C18+C19 | D24: =D16+D17+D18+D19
A25: Meta fees | B25: =B21 | C25: =C21 | D25: =D21
A26: Total recurring for the term | B26: =B23+B24+B25 | C26: =C23+C24+C25 | D26: =D23+D24+D25
A27: One-off costs | B27: =Inputs!$B$37+Inputs!$B$40 | C27: =Inputs!$B$38+Inputs!$B$40 | D27: =Inputs!$B$39+Inputs!$B$40
A28: Year-1 total (recurring + one-off) | B28: =B26+B27 | C28: =C26+C27 | D28: =D26+D27
A30: Share of the recurring spend
A31: Salesforce share | B31: =IF(B26=0,0,B23/B26) | C31: =IF(C26=0,0,C23/C26) | D31: =IF(D26=0,0,D23/D26)
A32: Gupshup share | B32: =IF(B26=0,0,B24/B26) | C32: =IF(C26=0,0,C24/C26) | D32: =IF(D26=0,0,D24/D26)
A33: Meta share | B33: =IF(B26=0,0,B25/B26) | C33: =IF(C26=0,0,C25/C26) | D33: =IF(D26=0,0,D25/D26)
A34: Cost per loan conversation (recurring) | B34: =IF(Inputs!$B$8*Inputs!$B$5=0,0,B26/(Inputs!$B$8*Inputs!$B$5)) | C34: =IF(Inputs!$B$8*Inputs!$B$5=0,0,C26/(Inputs!$B$8*Inputs!$B$5)) | D34: =IF(Inputs!$B$8*Inputs!$B$5=0,0,D26/(Inputs!$B$8*Inputs!$B$5))
A36: What you get for the money
A37: RM live takeover in the Salesforce console, with history | B37: Yes | C37: No (Gupshup inbox) | D37: Yes
A38: Conversation transcript on the customer record | B38: Yes | C38: No | D38: Yes
A39: Same WhatsApp number as today | B39: Yes | C39: Yes | D39: No (second number)
A40: Vendors in the loan conversation | B40: 2 | C40: 2 | D40: 1

Sheet Notes
A1: How to use
A2: 1. Replace the yellow volumes on Inputs with Kotak's numbers.
A3: 2. Fill the blue prices from the Salesforce quote (AE / pricing desk), the Gupshup contract and Meta's India rate card.
A4: 3. Read the totals, the Salesforce / Gupshup / Meta split and the cost per conversation on Comparison.
A6: The three options
A7: 1a Gupshup keeps the number; loan conversations are forwarded to Salesforce via Bring Your Own Channel. RMs take over in the Salesforce console.
A8: 1b Gupshup keeps the number and calls the Agentforce Agent API directly. No Salesforce messaging add-on; human hand-off stays in Gupshup's inbox.
A9: 2 A second "Kotak Loans" number on Salesforce native WhatsApp. Loan traffic bypasses Gupshup; the main number stays on Gupshup.
A11: Assumptions
A12: Only the loan journey is modelled. The main number's other traffic (alerts, OTPs, campaigns) and its Gupshup fees are the same in every option, so they are left out.
A13: Meta charges per message. Replies inside the 24-hour window after the customer writes are largely free, so only templates (marketing, utility outside the window, authentication) are counted as paid.
A14: Agentforce is modelled per action. For per-conversation pricing, set "Agent actions per conversation" to 1 and enter the per-conversation price.
A15: Licence names, metering and Meta rates change; confirm the current SKUs and prices before sharing figures with Kotak.
